{
  "rebounds": {
    "regressor": {
      "best_params": {
        "objective": "regression",
        "metric": "mae",
        "boosting_type": "gbdt",
        "verbose": -1,
        "random_state": 42,
        "num_leaves": 26,
        "learning_rate": 0.038591544651501136,
        "feature_fraction": 0.6510291802684764,
        "bagging_fraction": 0.5482777980409917,
        "bagging_freq": 9,
        "min_child_samples": 49,
        "reg_alpha": 1.970271480868324,
        "reg_lambda": 0.002222065370618226,
        "n_estimators": 816
      },
      "val_mae": 1.889366397543084,
      "test_mae": 1.9882431802060363
    },
    "classifier": {
      "best_params": {
        "objective": "binary:logistic",
        "eval_metric": "auc",
        "use_label_encoder": false,
        "random_state": 42,
        "early_stopping_rounds": 50,
        "max_depth": 8,
        "learning_rate": 0.08022530736482379,
        "subsample": 0.5860116802187336,
        "colsample_bytree": 0.7258843879560908,
        "min_child_weight": 9,
        "reg_alpha": 2.798641947787353,
        "reg_lambda": 0.0002396090414471361,
        "n_estimators": 892
      },
      "val_auc": 0.6117468214483139,
      "test_auc": 0.48245614035087714,
      "val_accuracy": 0.5130111524163569,
      "test_accuracy": 0.5714285714285714
    },
    "tuned_at": "2026-01-11T19:23:24.961230"
  },
  "assists": {
    "regressor": {
      "best_params": {
        "objective": "regression",
        "metric": "mae",
        "boosting_type": "gbdt",
        "verbose": -1,
        "random_state": 42,
        "num_leaves": 19,
        "learning_rate": 0.08599350341140843,
        "feature_fraction": 0.510322110116459,
        "bagging_fraction": 0.9349569957603577,
        "bagging_freq": 3,
        "min_child_samples": 22,
        "reg_alpha": 0.0004863170378443222,
        "reg_lambda": 0.5533083375954883,
        "n_estimators": 867
      },
      "val_mae": 1.408309743379141,
      "test_mae": 1.3990059957499377
    },
    "classifier": {
      "best_params": {
        "objective": "binary:logistic",
        "eval_metric": "auc",
        "use_label_encoder": false,
        "random_state": 42,
        "early_stopping_rounds": 50,
        "max_depth": 10,
        "learning_rate": 0.010139048090380883,
        "subsample": 0.6538471057251313,
        "colsample_bytree": 0.5089809378074098,
        "min_child_weight": 1,
        "reg_alpha": 1.475649304728376,
        "reg_lambda": 4.922653156888222,
        "n_estimators": 709
      },
      "val_auc": 0.6520500091928663,
      "test_auc": 0.553448275862069,
      "val_accuracy": 0.5311004784688995,
      "test_accuracy": 0.40816326530612246
    },
    "tuned_at": "2026-01-11T19:25:38.505735"
  }
}